kms_driven,mileage(kmpl),engine(cc),max_power(bhp),torque(Nm),price(in lakhs)
30615,17.4,999.0,69.93,9863.0,8.99
24000,20.68,1995.0,139.65,188.0,23.75
18378,16.5,1353.0,94.71000000000001,13808.0,13.56
42000,18.7,1199.0,83.93,887.0,5.45
36739,18.9,1197.0,83.79,8186.0,5.12
76000,15.8,1591.0,111.37,1213.0,9.3
28783,17.0,1198.0,83.86000000000001,1085.0,8.02
40000,17.4,1497.0,104.79,1176.0,10.95
17382,16.42,1498.0,104.86000000000001,10455.0,8.99
17000,18.15,998.0,69.86000000000001,11835.0,10.95
26867,18.9,1197.0,83.79,8186.0,5.78
30000,21.0,1197.0,83.79,8180.0,8.95
53000,22.69,1995.0,139.65,190.0,23.5
40000,17.0,1497.0,104.79,12136.0,7.95
48000,14.1,1368.0,95.76,16077.0,18.95
100525,16.1,1197.0,83.79,85.0,2.09
83000,18.0,1497.0,104.79,1173.0,6.25
49000,15.29,1591.0,111.37,1213.0,8.35
56215,21.4,1197.0,83.79,831.0,5.03
53000,17.1,1496.0,104.72000000000001,10594.0,6.95
36346,16.8,1353.0,94.71000000000001,13808.0,15.22
48000,13.5,1999.0,139.93,177.0,26.95
42098,18.6,1197.0,83.79,8186.0,6.7
40000,17.1,1956.0,136.92000000000002,170.0,10.75
64000,20.68,1995.0,139.65,188.0,25.5
13158,22.56,1197.0,83.79,8850.0,8.38
65400,17.6,1582.0,110.74000000000001,1262.0,10.9
100000,17.8,1198.0,83.86000000000001,867.0,3.95
17282,21.4,1197.0,83.79,831.0,5.45
30500,14.4,1997.0,139.79000000000002,15189.0,22.95
60755,20.8,1493.0,104.51,11343.0,13.51
47000,15.4,2179.0,152.53,13678.0,14.5
59316,16.2,1353.0,94.71000000000001,138.0,13.99
48000,17.1,1496.0,104.72000000000001,1055.0,6.95
73717,16.1,1197.0,83.79,85.0,2.41
17000,17.1,1199.0,83.93,8850.0,5.95
36047,18.9,1197.0,83.79,82.0,4.32
100000,19.3,1248.0,87.36000000000001,739.0,2.0
50000,20.36,1197.0,83.79,789.0,3.45
51000,22.0,1197.0,83.79,8180.0,5.5
45000,19.16,2494.0,174.58,1577.0,22.5
17041,20.28,998.0,69.86000000000001,11841.0,10.49
49000,16.0,1997.0,139.79000000000002,140.0,9.25
23588,18.27,998.0,69.86000000000001,11835.0,9.2
50000,17.9,2143.0,150.01000000000002,1341.0,22.0
49341,21.01,1197.0,83.79,8180.0,5.76
56000,18.0,1198.0,83.86000000000001,867.0,3.25
51734,17.8,1497.0,104.79,1173.0,5.72
22000,22.0,1197.0,83.79,8180.0,5.75
45084,20.5,1582.0,110.74000000000001,1262.0,9.22
20000,15.4,2179.0,152.53,120.0,11.0
29000,17.8,1198.0,83.86000000000001,867.0,4.8
16763,18.27,998.0,69.86000000000001,11835.0,9.69
86000,15.1,2179.0,152.53,140.0,5.45
24000,17.1,1199.0,83.93,8850.0,6.55
14900,16.5,1353.0,94.71000000000001,13805.0,16.5
17172,20.25,998.0,69.86000000000001,11841.0,10.33
38000,25.17,799.0,55.93000000000001,533.0,1.85
22051,21.01,1197.0,83.79,8180.0,6.98
50000,17.01,1591.0,111.37,1213.0,6.75
27138,19.01,1199.0,83.93,8482.0,5.92
15000,21.4,1197.0,83.79,831.0,7.25
70000,18.0,1493.0,104.51,11343.0,14.95
16684,20.25,998.0,69.86000000000001,11841.0,11.11
59870,21.7,1498.0,104.86000000000001,9896.0,4.95
62700,18.6,1197.0,83.79,8183.0,5.22
42132,17.8,1493.0,104.51,1134.0,14.75
32000,15.04,1991.0,139.37,183.0,25.75
58873,19.0,998.0,69.86000000000001,661.0,1.82
14069,19.33,1199.0,83.93,8683.0,8.24
80000,19.01,1461.0,102.27000000000001,10845.0,2.85
57453,17.8,1497.0,104.79,1173.0,6.24
17860,15.71,1998.0,139.86,189.0,29.9
25260,18.9,1197.0,83.79,82.0,4.37
70215,20.36,1197.0,83.79,789.0,3.08
32900,23.8,1493.0,104.51,11398.0,20.0
75000,19.0,998.0,69.86000000000001,661.0,1.68
78501,20.7,1197.0,83.79,8186.0,3.94
27114,21.01,1197.0,83.79,8180.0,7.18
88000,13.0,1591.0,111.37,1213.0,8.65
58382,19.1,1197.0,83.79,858.0,3.54
80000,15.0,1598.0,111.86000000000001,1036.0,3.3
77584,26.6,998.0,69.86000000000001,5816.0,2.8
70000,15.4,2179.0,152.53,120.0,9.0
52690,20.89,1197.0,83.79,8180.0,4.2
53747,18.6,1197.0,83.79,8183.0,5.77
55485,19.4,1198.0,83.86000000000001,868.0,3.35
49404,21.4,1197.0,83.79,831.0,5.44
96660,18.5,1197.0,83.79,8285.0,2.47
38963,18.9,1197.0,83.79,82.0,4.13
63249,18.9,1197.0,83.79,8186.0,4.59
82000,19.01,1462.0,102.34,10326.0,7.49
38000,20.73,1373.0,96.11000000000001,911.0,6.75
65170,20.36,1197.0,83.79,789.0,3.02
50000,17.5,1199.0,83.93,887.0,7.25
30466,20.28,998.0,69.86000000000001,11841.0,10.5
48946,19.1,1197.0,83.79,858.0,4.11
43498,18.56,1995.0,139.65,190.0,29.9
71361,18.6,1197.0,83.79,8183.0,5.52
60500,20.68,1995.0,139.65,188.0,19.95
64000,21.7,1498.0,104.86000000000001,9896.0,7.99
60000,14.7,1496.0,104.72000000000001,12069.0,6.49
89002,17.5,1197.0,83.79,858.0,2.37
36937,21.4,1197.0,83.79,831.0,6.4
42000,13.68,2393.0,167.51000000000002,14751.0,18.75
70391,21.01,1197.0,83.79,8180.0,5.12
56000,16.3,1797.0,125.79,1475.0,4.95
52190,18.9,1197.0,83.79,82.0,4.31
72000,20.38,1968.0,137.76000000000002,143.0,20.0
50000,16.8,1497.0,104.79,1163.0,3.39
44132,17.9,2143.0,150.01000000000002,1341.0,26.9
90000,17.4,1497.0,104.79,1173.0,4.75
28194,18.27,998.0,69.86000000000001,11835.0,9.03
49341,15.29,1591.0,111.37,1213.0,8.42
55000,13.8,2999.0,209.93,175.0,18.95
55861,22.1,1396.0,97.72000000000001,887.0,10.27
68000,13.68,2393.0,167.51000000000002,14751.0,14.25
52565,17.8,1198.0,83.86000000000001,867.0,4.17
72000,18.0,1969.0,137.83,190.0,29.55
73074,18.9,1197.0,83.79,8186.0,4.93
45000,16.35,1956.0,136.92000000000002,16767.0,13.75
42346,20.51,998.0,69.86000000000001,6704.0,3.01
31120,18.0,1497.0,104.79,1176.0,11.5
100000,22.32,1582.0,110.74000000000001,12632.0,3.95
33500,17.8,1496.0,104.72000000000001,1055.0,7.5
48936,19.0,998.0,69.86000000000001,661.0,2.34
61814,21.4,1197.0,83.79,831.0,5.27
40000,17.21,1197.0,83.79,1035.0,10.0
30200,18.27,998.0,69.86000000000001,11835.0,9.25
28645,24.3,1248.0,87.36000000000001,885.0,7.71
60970,13.0,1591.0,111.37,1213.0,9.4
50000,13.0,1591.0,111.37,1213.0,7.75
56000,14.24,2755.0,192.85000000000002,1745.0,27.5
40427,18.9,1197.0,83.79,8186.0,5.36
54213,20.73,1373.0,96.11000000000001,911.0,7.9
85000,14.53,1798.0,125.86000000000001,1381.0,2.75
91000,13.68,2393.0,167.51000000000002,14751.0,12.0
47000,18.9,1197.0,83.79,82.0,3.85
54630,18.0,1497.0,104.79,1173.0,6.86
41116,18.0,1497.0,104.79,1176.0,10.39
29502,19.33,1199.0,83.93,8683.0,7.56
35000,13.0,2143.0,150.01000000000002,204.0,23.9
56458,25.5,1498.0,104.86000000000001,986.0,5.71
50000,19.12,1373.0,96.11000000000001,911.0,7.25
61657,21.4,1197.0,83.79,831.0,5.93
50000,18.0,1497.0,104.79,1173.0,6.5
67000,20.73,1373.0,96.11000000000001,911.0,6.25
46000,19.16,2494.0,174.58,1577.0,20.5
39000,20.38,1968.0,137.76000000000002,143.0,22.5
64727,13.0,1591.0,111.37,1213.0,9.87
65000,21.19,1396.0,97.72000000000001,8873.0,6.5
44636,19.4,1198.0,83.86000000000001,868.0,2.63
101914,16.47,1198.0,83.86000000000001,739.0,2.59
45507,21.01,1197.0,83.79,8180.0,6.49
74095,16.5,1499.0,104.93,110.0,5.37
74846,18.9,1197.0,83.79,82.0,3.1
79683,18.0,1497.0,104.79,1173.0,6.35
26000,22.61,1197.0,83.79,8850.0,7.95
70000,20.68,1995.0,139.65,188.0,15.5
85540,16.5,1353.0,94.71000000000001,13808.0,13.86
50170,21.01,1197.0,83.79,8180.0,6.87
89057,16.98,998.0,69.86000000000001,661.0,2.26
72692,17.8,1497.0,104.79,1173.0,6.85
47463,15.63,1499.0,104.93,1104.0,6.33
69348,17.8,1497.0,104.79,1173.0,6.19
22711,19.89,1462.0,102.34,10165.0,11.35
90576,18.9,1197.0,83.79,82.0,3.37
40678,18.27,998.0,69.86000000000001,11835.0,9.24
27500,19.01,1462.0,102.34,10326.0,10.5
92539,18.6,1197.0,83.79,8183.0,5.28
16570,23.84,1199.0,83.93,8383.0,5.23
39791,17.5,1199.0,83.93,887.0,6.92
30000,16.1,1353.0,94.71000000000001,138.0,13.25
49594,18.47,1498.0,104.86000000000001,14751.0,13.37
60000,16.47,1198.0,83.86000000000001,739.0,2.7
76441,19.4,1198.0,83.86000000000001,868.0,3.26
53000,21.79,998.0,69.86000000000001,6705.0,3.95
56572,15.29,1591.0,111.37,1213.0,9.31
27210,21.01,1197.0,83.79,8180.0,6.0
62677,18.6,1197.0,83.79,8183.0,4.92
18000,22.35,1197.0,83.79,8850.0,7.5
45240,25.1,1248.0,87.36000000000001,885.0,7.34
59090,21.01,1197.0,83.79,8180.0,6.42
70717,18.9,1197.0,83.79,82.0,3.86
73086,17.4,1497.0,104.79,1173.0,3.75
51690,17.33,1199.0,83.93,11835.0,8.52
49000,20.68,1995.0,139.65,188.0,19.45
69000,17.4,1497.0,104.79,1173.0,4.9
70000,14.8,1591.0,111.37,1213.0,7.95
64155,19.4,1198.0,83.86000000000001,868.0,3.18
38000,20.0,2143.0,150.01000000000002,1073.0,17.49
68018,20.14,1197.0,83.79,8186.0,4.12
14000,19.39,1462.0,102.34,10164.0,19.9
29846,17.5,1199.0,83.93,887.0,7.6
26092,23.84,1199.0,83.93,8383.0,4.5
36050,17.3,1497.0,104.79,121.0,8.99
90932,18.0,1497.0,104.79,1176.0,7.86
53000,14.6,1956.0,136.92000000000002,16767.0,20.0
73580,17.3,1497.0,104.79,1173.0,4.66
22600,16.0,1368.0,95.76,160.0,14.9
52000,18.6,1197.0,83.79,8186.0,6.25
26000,14.08,1956.0,136.92000000000002,16767.0,20.0
45239,20.73,1373.0,96.11000000000001,911.0,6.33
51000,13.7,1991.0,139.37,183.0,21.0
102973,24.3,1248.0,87.36000000000001,885.0,7.99
40000,19.1,1197.0,83.79,858.0,3.7
63952,18.9,1197.0,83.79,82.0,3.55
58000,15.1,2179.0,152.53,15287.0,12.0
46310,17.0,1198.0,83.86000000000001,1085.0,8.74
94498,17.8,1497.0,104.79,1173.0,5.81
48000,20.85,1197.0,83.79,8314.0,5.1
38616,17.5,1199.0,83.93,887.0,7.41
30000,15.1,1798.0,125.86000000000001,178.0,21.5
33093,18.6,1197.0,83.79,8183.0,6.81
33000,17.05,1995.0,139.65,184.0,29.0
75206,19.87,1461.0,102.27000000000001,838.0,6.49
40000,16.0,1368.0,95.76,160.0,15.0
42000,17.9,2143.0,150.01000000000002,136.0,17.6
96241,18.9,1197.0,83.79,82.0,3.77
34214,26.11,1462.0,102.34,8663.0,12.75
55818,20.73,1373.0,96.11000000000001,911.0,6.61
40000,26.6,998.0,69.86000000000001,5816.0,4.0
48000,20.52,1197.0,83.79,8180.0,5.75
80627,15.29,1591.0,111.37,1213.0,8.16
49000,14.3,1598.0,111.86000000000001,10352.0,5.25
53311,17.5,1199.0,83.93,887.0,6.75
70000,18.6,1197.0,83.79,8186.0,5.85
44525,19.12,1373.0,96.11000000000001,911.0,6.93
80000,15.97,2993.0,209.51000000000002,258.0,26.5
64862,17.5,1199.0,83.93,887.0,6.07
100000,16.8,1497.0,104.79,1163.0,2.95
63839,21.4,1197.0,83.79,831.0,5.59
50000,18.9,1197.0,83.79,82.0,3.75
31000,15.8,1591.0,111.37,1213.0,8.65
97610,28.4,1248.0,87.36000000000001,7402.0,5.64
44000,17.5,1498.0,104.86000000000001,996.0,6.25
75163,21.4,1197.0,83.79,831.0,5.14
89961,18.0,1198.0,83.86000000000001,867.0,3.74
54000,14.6,1956.0,136.92000000000002,16767.0,17.5
58740,21.21,1197.0,83.79,8180.0,5.99
83690,17.8,1198.0,83.86000000000001,867.0,4.54
50900,17.71,1197.0,83.79,789.0,2.95
78651,18.9,1197.0,83.79,82.0,3.79
50000,21.56,1462.0,102.34,10325.0,7.5
49230,25.1,1248.0,87.36000000000001,885.0,8.7
65000,17.0,1591.0,111.37,1213.0,8.85
69000,20.68,1995.0,139.65,188.0,19.9
67000,17.1,1956.0,136.92000000000002,170.0,10.9
76685,17.0,1497.0,104.79,12131.0,6.95
101954,20.45,1461.0,102.27000000000001,1085.0,6.68
68897,18.9,1197.0,83.79,82.0,5.0
61383,18.15,998.0,69.86000000000001,11835.0,9.63
75000,19.27,2143.0,150.01000000000002,170.0,18.5
77130,15.5,1198.0,83.86000000000001,867.0,4.0
56426,18.0,1969.0,137.83,190.0,29.9
69018,20.73,1373.0,96.11000000000001,911.0,5.75
57000,19.67,1582.0,110.74000000000001,1262.0,10.75
65710,18.15,998.0,69.86000000000001,11835.0,8.66
51763,24.3,1248.0,87.36000000000001,885.0,8.0
19133,18.55,1462.0,102.34,10325.0,9.74
42733,20.73,1373.0,96.11000000000001,911.0,6.82
30300,17.84,1395.0,97.65,14751.0,24.8
59215,19.87,1461.0,102.27000000000001,838.0,7.8
91724,14.8,1591.0,111.37,1213.0,10.76
67633,28.09,1248.0,87.36000000000001,885.0,6.61
61000,18.0,1198.0,83.86000000000001,867.0,4.6
30000,19.27,2143.0,150.01000000000002,170.0,27.5
103030,15.63,1499.0,104.93,1104.0,6.82
19123,19.01,1462.0,102.34,1032.0,10.25
70767,15.1,2179.0,152.53,15287.0,11.6
58525,15.29,1591.0,111.37,1213.0,8.5
77353,21.4,1197.0,83.79,831.0,5.2
59200,21.4,1197.0,83.79,831.0,6.25
99230,25.1,1248.0,87.36000000000001,885.0,6.55
80000,18.6,1197.0,83.79,8183.0,5.25
50840,20.73,1373.0,96.11000000000001,911.0,6.72
41000,14.08,1956.0,136.92000000000002,16767.0,20.0
50000,19.16,2494.0,174.58,1577.0,12.5
42334,20.04,1462.0,102.34,10325.0,8.29
98275,20.85,1197.0,83.79,8314.0,3.97
65000,17.5,1199.0,83.93,887.0,6.85
52235,17.0,1591.0,111.37,1213.0,7.45
50158,17.4,1497.0,104.79,1173.0,6.95
69820,17.5,1498.0,104.86000000000001,996.0,5.44
82415,20.89,1197.0,83.79,8180.0,5.34
71070,19.6,1461.0,102.27000000000001,10845.0,7.22
83000,14.8,1595.0,111.65,12069.0,12.65
55000,21.01,1197.0,83.79,8180.0,6.75
65000,16.8,1497.0,104.79,1163.0,6.25
86916,18.9,1197.0,83.79,82.0,3.68
63307,18.9,1197.0,83.79,8186.0,5.44
101927,21.4,1197.0,83.79,831.0,5.14
40775,20.04,1462.0,102.34,10325.0,8.14
59710,25.1,1248.0,87.36000000000001,885.0,7.8
67606,17.5,1199.0,83.93,887.0,6.82
96658,18.6,1197.0,83.79,8183.0,5.1
29000,17.84,1395.0,97.65,14751.0,27.25
26750,19.12,1373.0,96.11000000000001,911.0,8.62
43293,19.49,1198.0,83.86000000000001,6704.0,4.12
98751,19.49,1198.0,83.86000000000001,6704.0,2.98
54776,22.69,1995.0,139.65,190.0,18.9
59870,28.09,1248.0,87.36000000000001,885.0,7.27
50000,18.9,1197.0,83.79,8186.0,3.95
94000,16.8,1497.0,104.79,1163.0,6.25
29294,16.35,1956.0,136.92000000000002,16767.0,13.65
16847,20.4,1194.0,83.58000000000001,9493.0,5.94
70000,17.9,2143.0,150.01000000000002,1341.0,17.5
65865,19.6,1461.0,102.27000000000001,10845.0,7.99
54000,21.19,1497.0,104.79,10849.0,9.99
20866,17.1,1199.0,83.93,8850.0,8.14
73937,17.3,1497.0,104.79,121.0,8.99
42014,19.49,1198.0,83.86000000000001,6704.0,4.25
34000,13.96,1451.0,101.57000000000001,141.0,16.4
73000,24.3,1248.0,87.36000000000001,885.0,7.0
59841,25.1,1248.0,87.36000000000001,885.0,8.74
37000,16.8,1497.0,104.79,11342.0,15.25
81949,17.71,1197.0,83.79,789.0,2.92
34769,18.3,1498.0,104.86000000000001,11935.0,13.08
84310,18.6,1197.0,83.79,8183.0,5.64
23000,18.9,1197.0,83.79,8186.0,5.15
79362,19.49,1198.0,83.86000000000001,6704.0,3.42
70000,26.08,1462.0,102.34,9119.0,7.65
54000,21.4,1197.0,83.79,831.0,4.25
64690,16.8,1497.0,104.79,11343.0,10.0
43687,19.1,1197.0,83.79,82.0,5.2
51000,18.15,998.0,69.86000000000001,11835.0,9.75
60758,16.8,1497.0,104.79,1163.0,4.4
42000,23.7,1396.0,97.72000000000001,887.0,10.5
42261,24.3,1248.0,87.36000000000001,885.0,8.85
69000,18.49,1493.0,104.51,100.0,8.5
90001,18.23,1582.0,110.74000000000001,1262.0,10.75
13000,18.89,1498.0,104.86000000000001,14751.0,16.5
60000,22.07,1199.0,83.93,739.0,2.4
76000,17.99,1462.0,102.34,1032.0,9.25
82000,20.77,1248.0,87.36000000000001,8876.0,6.5
36522,19.01,1199.0,83.93,8482.0,5.44
63000,16.09,1598.0,111.86000000000001,1032.0,5.8
23285,17.74,999.0,69.93,7510.0,5.73
14596,20.7,1197.0,83.79,8186.0,6.41
48401,14.84,2143.0,150.01000000000002,170.0,12.0
34377,21.01,1197.0,83.79,8180.0,7.57
90000,16.09,1995.0,139.65,184.0,12.0
65000,21.7,1498.0,104.86000000000001,9896.0,7.25
89000,24.2,1498.0,104.86000000000001,986.0,5.5
90000,21.7,1498.0,104.86000000000001,9896.0,7.75
66302,19.7,1497.0,104.79,11505.0,11.24
79247,22.41,1197.0,83.79,8850.0,4.1
31655,22.38,1197.0,83.79,8850.0,7.75
16000,18.9,1197.0,83.79,8186.0,5.75
59965,25.5,1498.0,104.86000000000001,986.0,7.61
103209,21.4,1197.0,83.79,831.0,5.02
29497,21.4,1197.0,83.79,831.0,5.59
22849,20.7,1197.0,83.79,8186.0,6.83
66000,22.54,1396.0,97.72000000000001,8873.0,5.75
43000,20.68,1995.0,139.65,190.0,29.5
68000,24.3,1248.0,87.36000000000001,885.0,7.5
35000,20.65,1462.0,102.34,10325.0,6.8
47000,19.56,1197.0,83.79,8180.0,6.75
54000,24.3,1248.0,87.36000000000001,885.0,8.75
72000,18.0,1497.0,104.79,1173.0,6.15
23428,21.01,1197.0,83.79,8180.0,7.14
53000,25.1,1248.0,87.36000000000001,885.0,7.95
47925,16.8,1497.0,104.79,1163.0,4.53
63238,18.9,1197.0,83.79,8186.0,5.15
51376,18.0,1497.0,104.79,1173.0,6.0
35898,18.9,1197.0,83.79,8186.0,5.43
19876,20.89,1197.0,83.79,8180.0,4.92
40451,18.6,1199.0,83.93,8876.0,5.25
60000,17.4,1497.0,104.79,1173.0,5.55
98000,21.01,1197.0,83.79,8180.0,6.0
55000,18.2,1199.0,83.93,887.0,7.5
104000,23.59,1364.0,95.48,6705.0,5.25
57647,24.7,796.0,55.720000000000006,473.0,3.52
76125,18.9,1197.0,83.79,8186.0,4.4
94857,28.4,1248.0,87.36000000000001,7402.0,6.06
51499,18.0,1198.0,83.86000000000001,867.0,4.96
20000,21.79,998.0,69.86000000000001,6705.0,6.1
74661,18.6,1197.0,83.79,8183.0,5.45
38000,18.6,1197.0,83.79,8183.0,5.6
64000,18.6,1197.0,83.79,8183.0,5.5
37000,1197.0,831.0,58.17000000000001,115.0,5.05
92000,22.54,1396.0,97.72000000000001,8873.0,5.95
70000,23.95,998.0,69.86000000000001,6705.0,3.4
83000,17.03,1462.0,102.34,10326.0,7.95
93774,25.5,1498.0,104.86000000000001,986.0,7.15
48728,21.4,1197.0,83.79,831.0,6.66
87001,17.01,1591.0,111.37,1213.0,4.65
50595,20.51,998.0,69.86000000000001,6704.0,4.11
31000,17.1,1199.0,83.93,8850.0,8.5
57000,15.4,1497.0,104.79,1173.0,7.95
56387,18.5,1198.0,83.86000000000001,868.0,4.3
101000,26.0,1498.0,104.86000000000001,986.0,5.75
42000,16.5,1198.0,83.86000000000001,868.0,5.5
50000,25.0,1493.0,104.51,11345.0,13.9
26000,18.9,1197.0,83.79,8186.0,5.95
92001,14.84,2143.0,150.01000000000002,16762.0,11.75
29000,18.5,1198.0,83.86000000000001,868.0,4.5
69000,20.4,1197.0,83.79,8180.0,5.4
37552,18.9,1197.0,83.79,82.0,5.32
84000,17.0,1198.0,83.86000000000001,1085.0,8.7
63420,18.0,1198.0,83.86000000000001,867.0,5.11
68888,18.9,1197.0,83.79,8186.0,4.39
47877,18.5,1198.0,83.86000000000001,868.0,4.72
83337,27.3,1498.0,104.86000000000001,986.0,4.64
61836,19.4,1198.0,83.86000000000001,868.0,4.06
68001,18.19,1197.0,83.79,1032.0,5.9
39813,22.35,1197.0,83.79,8850.0,7.87
74000,17.8,1198.0,83.86000000000001,867.0,6.9
87000,19.4,1198.0,83.86000000000001,868.0,3.5
71000,18.6,1197.0,83.79,8183.0,6.6
75000,23.84,1199.0,83.93,84.0,5.7
62000,28.09,1248.0,87.36000000000001,885.0,7.1
76792,20.73,1373.0,96.11000000000001,911.0,6.37
34445,19.4,1198.0,83.86000000000001,868.0,4.24
41339,18.9,1197.0,83.79,8186.0,5.87
62607,17.5,1199.0,83.93,887.0,7.21
52794,21.01,1197.0,83.79,8180.0,6.77
33864,20.0,999.0,69.93,7101.0,5.86
73000,19.5,1582.0,110.74000000000001,12624.0,4.25
70000,21.01,1197.0,83.79,8180.0,4.75
67754,21.9,1498.0,104.86000000000001,986.0,6.15
78000,15.1,2179.0,152.53,15287.0,10.25
83000,24.52,1248.0,87.36000000000001,885.0,7.8
17778,20.7,1197.0,83.79,8186.0,7.04
16499,20.7,1197.0,83.79,8186.0,7.14
33364,18.7,1199.0,83.93,887.0,4.79
64784,18.9,1197.0,83.79,82.0,4.26
80000,16.95,1498.0,104.86000000000001,977.0,3.0
77482,23.84,1199.0,83.93,84.0,3.99
60000,19.0,1199.0,83.93,887.0,6.25
34312,20.09,1199.0,83.93,8482.0,5.57
53000,19.0,1199.0,83.93,8482.0,6.5
45000,18.1,1199.0,83.93,887.0,5.75
23000,17.8,1198.0,83.86000000000001,867.0,6.9
80001,21.21,1197.0,83.79,8180.0,4.9
62000,28.4,1248.0,87.36000000000001,7402.0,5.5
57000,14.8,1497.0,104.79,12136.0,8.5
21000,19.4,1198.0,83.86000000000001,868.0,3.9
43415,22.38,1197.0,83.79,8850.0,4.08
24412,22.54,1396.0,97.72000000000001,8873.0,7.58
45000,14.11,2199.0,153.93,1972.0,25.9
70251,21.21,1197.0,83.79,8180.0,5.33
44000,18.4,1498.0,104.86000000000001,11935.0,9.9
64000,17.0,1591.0,111.37,1213.0,9.5
94000,17.8,1198.0,83.86000000000001,867.0,4.75
66000,14.28,1798.0,125.86000000000001,13803.0,6.5
86001,26.0,1498.0,104.86000000000001,986.0,5.75
62000,14.28,1798.0,125.86000000000001,13803.0,6.9
50000,17.43,1396.0,97.72000000000001,1055.0,6.25
79000,20.5,1582.0,110.74000000000001,1262.0,9.25
74002,28.4,1248.0,87.36000000000001,7402.0,6.75
65000,23.9,1582.0,110.74000000000001,12632.0,5.9
39718,21.0,1197.0,83.79,8180.0,7.58
88281,21.4,1197.0,83.79,831.0,5.01
77253,22.38,1197.0,83.79,8850.0,4.91
72000,16.55,1968.0,137.76000000000002,14751.0,11.9
102614,16.8,1497.0,104.79,1164.0,4.01
78911,17.8,1497.0,104.79,1173.0,6.37
99000,15.3,2993.0,209.51000000000002,258.0,28.9
47975,18.9,1197.0,83.79,8186.0,4.96
56000,19.27,2143.0,150.01000000000002,16762.0,29.5
78000,15.26,2143.0,150.01000000000002,2032.0,23.9
42000,23.1,998.0,69.86000000000001,6704.0,4.5
60000,21.4,1197.0,83.79,831.0,5.1
100657,19.0,1199.0,83.93,887.0,5.67
32000,13.0,1591.0,111.37,1213.0,10.9
50570,19.4,1198.0,83.86000000000001,868.0,2.8
42392,18.9,1197.0,83.79,82.0,5.13
78000,22.7,1498.0,104.86000000000001,8984.0,3.75
100000,15.0,1586.0,111.02000000000001,10468.0,1.55
94822,22.54,1396.0,97.72000000000001,8873.0,5.43
70727,17.0,1591.0,111.37,1213.0,9.12
70000,18.49,1493.0,104.51,100.0,6.15
61000,20.68,1995.0,139.65,188.0,19.75
92000,18.0,1198.0,83.86000000000001,867.0,3.6
58857,15.4,1497.0,104.79,1173.0,6.5
68237,20.51,998.0,69.86000000000001,6704.0,3.89
31237,21.01,1197.0,83.79,8180.0,7.27
45000,20.14,1197.0,83.79,8186.0,4.95
53000,25.8,1498.0,104.86000000000001,986.0,6.75
60464,21.63,998.0,69.86000000000001,6705.0,4.6
40171,17.4,1497.0,104.79,1173.0,5.17
77299,18.9,1197.0,83.79,82.0,4.79
39000,16.35,1956.0,136.92000000000002,16767.0,13.95
29000,15.43,1498.0,104.86000000000001,10849.0,12.9
60000,18.7,1199.0,83.93,887.0,4.75
80000,22.54,1396.0,97.72000000000001,8873.0,6.9
78000,21.7,1498.0,104.86000000000001,9896.0,5.5
58000,24.7,1498.0,104.86000000000001,9789.0,5.5
44019,18.6,1197.0,83.79,858.0,3.15
13066,22.05,796.0,55.720000000000006,4733.0,3.69
36015,18.9,1197.0,83.79,82.0,3.61
14000,19.65,1197.0,83.79,8676.0,6.99
28061,22.05,796.0,55.720000000000006,4733.0,3.43
40300,13.9,1498.0,104.86000000000001,105.0,6.5
58231,23.95,998.0,69.86000000000001,6705.0,3.32
13000,20.28,998.0,69.86000000000001,11841.0,8.9
32997,22.05,796.0,55.720000000000006,4733.0,3.39
41203,18.7,1199.0,83.93,887.0,3.99
44000,26.0,1498.0,104.86000000000001,986.0,5.5
29200,25.6,1498.0,104.86000000000001,979.0,8.75
26638,21.7,998.0,69.86000000000001,6571.0,4.19
35000,15.4,1497.0,104.79,1173.0,7.45
32000,16.9,1395.0,97.65,14751.0,21.0
68499,17.6,1582.0,110.74000000000001,1262.0,10.83
53750,23.0,1498.0,104.86000000000001,9896.0,6.85
48341,22.05,796.0,55.720000000000006,4733.0,3.03
34260,21.5,1197.0,83.79,8180.0,3.95
48380,23.0,1498.0,104.86000000000001,9896.0,5.83
52000,19.67,1582.0,110.74000000000001,1262.0,9.95
26610,23.95,998.0,69.86000000000001,6705.0,3.65
66019,24.2,1498.0,104.86000000000001,9387.0,7.75
21607,19.34,1198.0,83.86000000000001,7594.0,4.7
52162,16.5,1353.0,94.71000000000001,13808.0,11.92
20336,19.2,999.0,69.93,11398.0,12.81
68591,25.1,1248.0,87.36000000000001,885.0,6.75
84000,25.1,1498.0,104.86000000000001,986.0,5.25
19000,21.43,1364.0,95.48,8679.0,14.95
58500,23.0,1498.0,104.86000000000001,9896.0,6.65
66455,19.6,2400.0,168.00000000000003,190.0,19.35
26597,18.2,998.0,69.86000000000001,11835.0,9.25
73616,22.0,1197.0,83.79,8180.0,3.75
62466,18.7,1199.0,83.93,887.0,3.9
20041,20.7,1197.0,83.79,8186.0,6.19
49000,21.21,1197.0,83.79,8180.0,3.65
44669,19.1,1197.0,83.79,858.0,3.79
28500,20.7,1197.0,83.79,8186.0,5.45
44800,19.1,1197.0,83.79,858.0,3.81
44275,21.21,1197.0,83.79,8180.0,3.75
27012,21.21,1197.0,83.79,8180.0,5.45
35629,20.52,1197.0,83.79,8180.0,4.25
37009,23.95,998.0,69.86000000000001,6705.0,2.75
28000,16.95,1197.0,83.79,789.0,2.7
46022,19.81,1086.0,76.02000000000001,6805.0,2.35
22302,17.5,1373.0,96.11000000000001,911.0,6.9
17024,22.7,799.0,55.93000000000001,5364.0,2.72
71649,23.59,1364.0,95.48,6704.0,3.32
44999,16.78,1496.0,104.72000000000001,8873.0,3.74
78106,19.87,1461.0,102.27000000000001,838.0,5.1
35080,18.27,998.0,69.86000000000001,11835.0,8.99
43000,18.5,1197.0,83.79,8285.0,3.49
30000,18.9,1197.0,83.79,8186.0,4.25
42364,17.45,1493.0,104.51,100.0,4.5
54000,18.7,1199.0,83.93,887.0,3.95
45000,17.5,1298.0,90.86000000000001,858.0,2.25
44018,19.1,1197.0,83.79,858.0,3.45
18500,16.5,1799.0,125.93,13946.0,12.9
43002,17.92,1086.0,76.02000000000001,621.0,1.75
64275,19.67,1582.0,110.74000000000001,1262.0,6.28
63663,16.78,1496.0,104.72000000000001,8873.0,3.41
60545,17.8,1497.0,104.79,1173.0,5.55
85602,17.8,1198.0,83.86000000000001,867.0,3.33
35902,15.04,2755.0,192.85000000000002,1745.0,28.0
87172,15.8,1591.0,111.37,1213.0,7.88
52950,16.47,1198.0,83.86000000000001,739.0,3.72
42005,17.01,1591.0,111.37,1213.0,4.71
64000,15.8,1591.0,111.37,1213.0,8.25
32000,17.0,1591.0,111.37,1213.0,8.25
65000,15.8,1591.0,111.37,1213.0,8.5
21000,14.59,1999.0,139.93,14992.0,8.85
39450,14.28,1798.0,125.86000000000001,13803.0,8.15
32000,14.59,1999.0,139.93,14992.0,8.85
60314,17.5,1199.0,83.93,887.0,5.75
65000,28.09,1248.0,87.36000000000001,8850.0,5.25
78019,19.67,1582.0,110.74000000000001,1262.0,6.39
42970,16.42,1498.0,104.86000000000001,10455.0,7.64
24100,20.52,1197.0,83.79,8180.0,4.74
51123,21.4,1197.0,83.79,831.0,4.71
66000,16.8,1395.0,97.65,13802.0,5.95
71842,22.54,1396.0,97.72000000000001,8876.0,5.29
91000,26.0,1498.0,104.86000000000001,986.0,3.95
51334,21.9,1396.0,97.72000000000001,8876.0,2.8
45000,22.41,1197.0,83.79,8850.0,3.6
44000,13.17,1999.0,139.93,114.0,3.95
60545,17.4,1497.0,104.79,1173.0,5.5
68619,19.1,1197.0,83.79,858.0,3.44
34452,14.16,1968.0,137.76000000000002,1743.0,16.75
40326,24.0,1186.0,83.02000000000001,7397.0,5.22
40021,19.02,1198.0,83.86000000000001,6705.0,3.92
44508,19.69,1198.0,83.86000000000001,6704.0,3.38
58958,14.5,1797.0,125.79,1475.0,5.25
44000,20.89,1197.0,83.79,8180.0,4.65
48188,17.03,1462.0,102.34,10326.0,8.25
55000,20.36,1197.0,83.79,789.0,1.51
23000,17.01,1582.0,110.74000000000001,1262.0,10.5
38502,13.96,1451.0,101.57000000000001,141.0,13.75
35000,19.67,1582.0,110.74000000000001,1262.0,7.5
43487,16.5,1353.0,94.71000000000001,13808.0,13.5
32000,24.3,1248.0,87.36000000000001,885.0,7.5
14400,17.9,2143.0,150.01000000000002,136.0,24.0
60467,19.0,998.0,69.86000000000001,661.0,2.8
65017,19.81,1086.0,76.02000000000001,6805.0,2.25
38015,21.21,1197.0,83.79,8180.0,5.47
49134,17.71,1197.0,83.79,789.0,4.42
37100,21.79,998.0,69.86000000000001,6705.0,3.1
69977,20.28,998.0,69.86000000000001,11841.0,8.69
16937,19.34,1198.0,83.86000000000001,7594.0,3.25
51441,15.1,2179.0,152.53,15287.0,10.71
53947,21.21,1197.0,83.79,8180.0,5.62
30000,16.5,1353.0,94.71000000000001,13808.0,13.2
40909,18.6,1197.0,83.79,8183.0,4.35
70000,18.49,1493.0,104.51,100.0,5.75
69000,17.5,1197.0,83.79,858.0,2.25
28662,18.7,1199.0,83.93,887.0,3.85
46912,14.6,1956.0,136.92000000000002,16767.0,16.25
65000,15.04,1598.0,111.86000000000001,1036.0,2.5
40238,19.27,2143.0,150.01000000000002,170.0,12.5
52000,21.66,1498.0,104.86000000000001,10862.0,4.45
22873,20.3,1086.0,76.02000000000001,6805.0,4.73
77389,19.0,998.0,69.86000000000001,661.0,2.27
32000,22.0,1197.0,83.79,8180.0,5.3
88935,21.66,1498.0,104.86000000000001,10352.0,4.85
53681,19.69,1198.0,83.86000000000001,6704.0,3.04
60000,15.96,2523.0,176.61,621.0,5.65
49441,21.19,1396.0,97.72000000000001,8873.0,4.89
41000,13.68,2393.0,167.51000000000002,1478.0,16.95
23838,20.65,1462.0,102.34,10325.0,8.85
26719,16.4,1896.0,132.72,90.0,7.89
27236,18.49,1493.0,104.51,100.0,6.5
41080,25.1,1498.0,104.86000000000001,986.0,5.9
72793,23.59,1364.0,95.48,6704.0,4.55
64000,20.36,1197.0,83.79,789.0,2.35
32002,20.89,1197.0,83.79,8180.0,4.41
30000,22.69,1995.0,139.65,190.0,16.0
20827,20.52,1197.0,83.79,8180.0,4.6
16683,14.6,1956.0,136.92000000000002,16767.0,19.24
32230,18.9,1197.0,83.79,8186.0,5.13
23748,20.7,1197.0,83.79,8186.0,6.55
13513,18.3,1199.0,83.93,8876.0,7.65
12952,17.05,1199.0,83.93,11835.0,10.99
22672,18.9,1197.0,83.79,82.0,3.84
23000,18.9,998.0,69.86000000000001,671.0,2.9
41048,18.6,1197.0,83.79,8183.0,5.48
34000,16.0,1368.0,95.76,16077.0,17.5
40000,21.4,1197.0,83.79,831.0,4.7
30000,18.76,1462.0,102.34,10326.0,11.4
22700,18.9,1197.0,83.79,8186.0,5.45
29146,13.0,1591.0,111.37,1213.0,11.35
35925,20.36,1197.0,83.79,789.0,3.14
57999,21.79,998.0,69.86000000000001,6705.0,4.59
14352,21.4,1197.0,83.79,831.0,5.87
49999,22.8,1373.0,96.11000000000001,809.0,6.34
21194,21.4,1197.0,83.79,831.0,6.37
24000,24.3,1248.0,87.36000000000001,885.0,9.95
13519,21.01,1197.0,83.79,8180.0,6.94
45017,13.0,1591.0,111.37,1213.0,8.75
78308,22.0,1197.0,83.79,8180.0,3.57
79852,18.2,1199.0,83.93,887.0,5.69
18049,21.1,814.0,56.980000000000004,552.0,3.15
19500,19.87,999.0,69.93,11398.0,16.21
22316,18.9,1197.0,83.79,82.0,4.54
35000,19.56,1197.0,83.79,8180.0,8.45
38671,17.8,1497.0,104.79,1173.0,6.25
65000,17.97,1498.0,104.86000000000001,9961.0,2.95
68000,16.9,1395.0,97.65,14751.0,24.99
17536,18.27,998.0,69.86000000000001,11835.0,9.7
30400,18.7,1199.0,83.93,887.0,5.35
80100,23.65,1248.0,87.36000000000001,885.0,6.25
19000,20.09,1199.0,83.93,8482.0,7.45
87900,22.32,1582.0,110.74000000000001,12632.0,6.5
16100,20.89,1197.0,83.79,8180.0,6.44
48650,23.59,1364.0,95.48,6706.0,5.25
29252,14.8,1591.0,111.37,1213.0,11.05
19446,18.2,1199.0,83.93,887.0,6.5
26500,26.11,1462.0,102.34,8663.0,11.5
49000,17.5,1199.0,83.93,887.0,5.85
34756,20.85,1197.0,83.79,8314.0,6.1
